{
    "id": 9,
    "children": [
        {
            "id": 10,
            "name": "HR Good Login",
            "type": "test",
            "chrome59": true,
            "details": [
                {
                    "browser": "chrome59",
                    "expectations": [
                        {
                            "passed": true,
                            "message": "Expected 1 to be 1.",
                            "status": "passed"
                        }
                    ]
                }
            ]
        },
        {
            "id": 11,
            "name": "Interviewer Status Check",
            "type": "test",
            "chrome59": true,
            "details": [
                {
                    "browser": "chrome59",
                    "expectations": [
                        {
                            "passed": true,
                            "message": "Expected 1 to be 1.",
                            "status": "passed"
                        }
                    ]
                }
            ]
        }
    ],
    "name": "HR.js",
    "type": "suite",
    "chrome59": 0
}